amplifier_id,mea1k_el,pad_id,depth,shank_id,y,x,metal,zone,y_order,x_order,pad_diameter_um,r,g,b,a,shank_name,y_aligned,x_aligned,el_pair,shank_side,mea1k_connectivity,connectivity_order,routed
1,15775,524.0,3120.0,1.0,811.0,1088.0,2.0,3.0,11.0,14.0,30.0,107.0,165.0,205.0,1.0,anterior_short_shank,1258.0,2714.0,73.0,right,38.00629039758024,2.0,False
463,20435,395.0,3690.0,1.0,463.0,386.0,1.0,2.0,6.0,5.0,30.0,71.0,151.0,197.0,1.0,anterior_short_shank,1606.0,3416.0,30.0,left,38.22622769582211,1.0,True
467,23954,434.0,5970.0,1.0,164.0,391.0,1.0,3.0,2.0,5.0,30.0,4.0,82.0,128.0,1.0,anterior_short_shank,1905.0,3411.0,49.0,left,36.66289444840421,3.0,False
471,23295,435.0,3780.0,1.0,237.0,393.0,2.0,3.0,3.0,5.0,30.0,62.0,147.0,194.0,1.0,anterior_short_shank,1832.0,3409.0,31.0,left,38.06048975035462,2.0,False
483,22211,410.0,4530.0,1.0,317.0,97.0,1.0,2.0,8.0,1.0,30.0,21.0,123.0,181.0,1.0,anterior_short_shank,1752.0,3705.0,37.0,left,37.39582714981761,1.0,True
487,19568,391.0,1020.0,1.0,536.0,169.0,2.0,2.0,5.0,2.0,30.0,211.0,211.0,231.0,1.0,anterior_short_shank,1533.0,3633.0,8.0,left,38.16544253850957,1.0,True
491,23307,413.0,2460.0,1.0,244.0,169.0,2.0,2.0,9.0,2.0,30.0,146.0,182.0,215.0,1.0,anterior_short_shank,1825.0,3633.0,20.0,left,38.15777026893259,1.0,True
507,18460,381.0,420.0,1.0,608.0,312.0,2.0,2.0,4.0,4.0,30.0,229.0,226.0,239.0,1.0,anterior_short_shank,1461.0,3490.0,3.0,left,38.73596888024227,1.0,True
515,22195,436.0,5910.0,1.0,309.0,393.0,1.0,3.0,4.0,5.0,30.0,4.0,85.0,133.0,1.0,anterior_short_shank,1760.0,3409.0,50.0,right,38.29570812963924,1.0,True
523,20405,494.0,2190.0,1.0,453.0,918.0,1.0,3.0,6.0,12.0,30.0,159.0,186.0,217.0,1.0,anterior_short_shank,1616.0,2884.0,81.0,right,38.47778441424221,1.0,True
527,21293,472.0,5820.0,1.0,382.0,758.0,2.0,3.0,5.0,10.0,30.0,5.0,90.0,140.0,1.0,anterior_short_shank,1687.0,3044.0,48.0,left,38.1988308904405,1.0,True
531,18878,466.0,3990.0,1.0,596.0,684.0,1.0,3.0,8.0,9.0,30.0,52.0,143.0,192.0,1.0,anterior_short_shank,1473.0,3118.0,66.0,right,38.46954027750679,1.0,True
535,21311,442.0,4140.0,1.0,382.0,466.0,2.0,3.0,5.0,6.0,30.0,44.0,138.0,189.0,1.0,anterior_short_shank,1687.0,3336.0,34.0,left,37.91068962265882,2.0,False
539,23057,461.0,5220.0,1.0,237.0,683.0,2.0,3.0,3.0,9.0,30.0,6.0,104.0,163.0,1.0,anterior_short_shank,1832.0,3119.0,43.0,left,38.68544904255511,1.0,True
543,22177,462.0,4230.0,1.0,310.0,684.0,1.0,3.0,4.0,9.0,30.0,37.0,133.0,186.0,1.0,anterior_short_shank,1759.0,3118.0,64.0,right,38.33454837508332,1.0,True
547,15780,511.0,3840.0,1.0,811.0,1000.0,2.0,3.0,11.0,13.0,30.0,61.0,147.0,194.0,1.0,anterior_short_shank,1258.0,2802.0,67.0,right,38.24924791052777,1.0,True
551,20634,473.0,3510.0,1.0,452.0,760.0,1.0,3.0,6.0,10.0,30.0,80.0,154.0,198.0,1.0,anterior_short_shank,1617.0,3042.0,70.0,right,38.011090978448834,1.0,True
555,24814,468.0,5580.0,1.0,94.0,760.0,2.0,3.0,1.0,10.0,30.0,4.0,95.0,148.0,1.0,anterior_short_shank,1975.0,3042.0,46.0,left,38.21830854300754,2.0,False
559,25055,433.0,3660.0,1.0,93.0,393.0,2.0,3.0,1.0,5.0,30.0,70.0,150.0,196.0,1.0,anterior_short_shank,1976.0,3409.0,30.0,left,38.00194667622899,1.0,True
563,23947,445.0,5310.0,1.0,166.0,538.0,1.0,3.0,2.0,7.0,30.0,4.0,101.0,158.0,1.0,anterior_short_shank,1903.0,3264.0,55.0,right,38.335916350446496,1.0,True
567,25926,443.0,5430.0,1.0,22.0,537.0,1.0,3.0,0.0,7.0,30.0,4.0,98.0,154.0,1.0,anterior_short_shank,2047.0,3265.0,54.0,right,37.48187642433678,1.0,True
571,17554,476.0,5880.0,1.0,668.0,760.0,2.0,3.0,9.0,10.0,30.0,4.0,86.0,135.0,1.0,anterior_short_shank,1401.0,3042.0,50.0,right,38.54242359901434,1.0,True
579,21307,448.0,4500.0,1.0,382.0,538.0,2.0,3.0,5.0,7.0,30.0,23.0,124.0,182.0,1.0,anterior_short_shank,1687.0,3264.0,37.0,left,38.483300521725496,1.0,True
587,22411,441.0,5550.0,1.0,309.0,464.0,1.0,3.0,4.0,6.0,30.0,4.0,95.0,150.0,1.0,anterior_short_shank,1760.0,3338.0,53.0,right,38.66655467774002,1.0,True
455,24847,424.0,3180.0,1.0,94.0,172.0,2.0,3.0,1.0,2.0,30.0,102.0,163.0,204.0,1.0,anterior_short_shank,1975.0,3630.0,26.0,left,37.93908174895715,1.0,True
451,18455,380.0,2850.0,1.0,607.0,385.0,1.0,2.0,4.0,5.0,30.0,123.0,172.0,209.0,1.0,anterior_short_shank,1462.0,3417.0,23.0,left,38.41073903321034,1.0,True
447,18687,383.0,540.0,1.0,607.0,169.0,2.0,2.0,4.0,2.0,30.0,226.0,223.0,238.0,1.0,anterior_short_shank,1462.0,3633.0,4.0,left,38.39080399153957,2.0,False
443,24830,438.0,3900.0,1.0,93.0,466.0,2.0,3.0,1.0,6.0,30.0,55.0,144.0,192.0,1.0,anterior_short_shank,1976.0,3336.0,32.0,left,38.31103083941301,2.0,False
263,19576,393.0,1140.0,1.0,535.0,24.0,2.0,2.0,5.0,0.0,30.0,208.0,209.0,230.0,1.0,anterior_short_shank,1534.0,3778.0,9.0,left,37.39384724526208,1.0,True
267,20228,398.0,1500.0,1.0,463.0,169.0,2.0,2.0,6.0,2.0,30.0,191.0,201.0,225.0,1.0,anterior_short_shank,1606.0,3633.0,12.0,left,38.17810779952338,2.0,False
275,23316,415.0,2580.0,1.0,244.0,23.0,2.0,2.0,9.0,0.0,30.0,137.0,177.0,212.0,1.0,anterior_short_shank,1825.0,3779.0,21.0,left,38.01371529137658,1.0,True
279,20456,400.0,1620.0,1.0,463.0,23.0,2.0,2.0,6.0,0.0,30.0,186.0,198.0,224.0,1.0,anterior_short_shank,1606.0,3779.0,13.0,left,38.18976993234869,2.0,False
283,20439,396.0,1380.0,1.0,463.0,310.0,2.0,2.0,6.0,4.0,30.0,198.0,205.0,228.0,1.0,anterior_short_shank,1606.0,3492.0,11.0,left,38.42946312736888,1.0,True
287,24183,427.0,5490.0,1.0,166.0,246.0,1.0,3.0,2.0,3.0,30.0,4.0,96.0,151.0,1.0,anterior_short_shank,1903.0,3556.0,45.0,left,38.43584158949551,1.0,True
291,24196,418.0,2820.0,1.0,173.0,24.0,2.0,2.0,10.0,0.0,30.0,125.0,173.0,209.0,1.0,anterior_short_shank,1896.0,3778.0,23.0,left,38.18958854073108,1.0,True
319,25076,420.0,2940.0,1.0,97.0,23.0,2.0,2.0,11.0,0.0,30.0,119.0,170.0,208.0,1.0,anterior_short_shank,1972.0,3779.0,24.0,left,38.0111993374221,1.0,True
335,22216,411.0,2340.0,1.0,316.0,24.0,2.0,2.0,8.0,0.0,30.0,151.0,183.0,215.0,1.0,anterior_short_shank,1753.0,3778.0,19.0,left,37.98767382919701,1.0,True
355,21116,406.0,1980.0,1.0,388.0,26.0,2.0,2.0,7.0,0.0,30.0,169.0,190.0,220.0,1.0,anterior_short_shank,1681.0,3776.0,16.0,left,34.346171526137724,1.0,True
375,20430,394.0,1260.0,1.0,460.0,457.0,2.0,2.0,6.0,6.0,30.0,203.0,206.0,229.0,1.0,anterior_short_shank,1609.0,3345.0,10.0,left,38.38236916796377,3.0,False
591,23929,479.0,3150.0,1.0,166.0,838.0,1.0,3.0,2.0,11.0,30.0,105.0,164.0,204.0,1.0,anterior_short_shank,1903.0,2964.0,73.0,right,32.114143339590235,2.0,False
387,25934,432.0,5850.0,1.0,22.0,393.0,1.0,3.0,0.0,5.0,30.0,4.0,87.0,137.0,1.0,anterior_short_shank,2047.0,3409.0,48.0,left,36.8978464871732,2.0,False
395,18666,378.0,2730.0,1.0,608.0,528.0,1.0,2.0,4.0,7.0,30.0,129.0,174.0,210.0,1.0,anterior_short_shank,1461.0,3274.0,22.0,left,38.26353280080298,2.0,False
399,24822,451.0,4620.0,1.0,94.0,610.0,2.0,3.0,1.0,8.0,30.0,18.0,121.0,181.0,1.0,anterior_short_shank,1975.0,3192.0,38.0,left,38.34892220397098,2.0,False
403,23079,431.0,3540.0,1.0,239.0,318.0,2.0,3.0,3.0,4.0,30.0,81.0,155.0,199.0,1.0,anterior_short_shank,1830.0,3484.0,29.0,left,38.71305060146364,1.0,True
407,25059,429.0,3420.0,1.0,92.0,318.0,2.0,3.0,1.0,4.0,30.0,87.0,157.0,200.0,1.0,anterior_short_shank,1977.0,3484.0,28.0,left,38.15448519961533,1.0,True
411,22427,409.0,2220.0,1.0,317.0,169.0,2.0,2.0,8.0,2.0,30.0,157.0,185.0,217.0,1.0,anterior_short_shank,1752.0,3633.0,18.0,left,38.05222439433508,2.0,False
415,22863,412.0,4650.0,1.0,243.0,239.0,1.0,2.0,9.0,3.0,30.0,15.0,119.0,179.0,1.0,anterior_short_shank,1826.0,3563.0,38.0,left,38.61641628152869,1.0,True
419,23053,470.0,5700.0,1.0,237.0,760.0,2.0,3.0,3.0,10.0,30.0,4.0,92.0,144.0,1.0,anterior_short_shank,1832.0,3042.0,47.0,left,36.81248548103917,1.0,True
423,18653,475.0,3390.0,1.0,596.0,760.0,1.0,3.0,8.0,10.0,30.0,91.0,159.0,202.0,1.0,anterior_short_shank,1473.0,3042.0,71.0,right,38.31307184834824,1.0,True
427,24843,426.0,3300.0,1.0,94.0,246.0,2.0,3.0,1.0,3.0,30.0,95.0,160.0,202.0,1.0,anterior_short_shank,1975.0,3556.0,27.0,left,38.17265462885811,1.0,True
431,23311,414.0,4770.0,1.0,244.0,97.0,1.0,2.0,9.0,1.0,30.0,10.0,116.0,178.0,1.0,anterior_short_shank,1825.0,3705.0,39.0,left,38.35215519164477,1.0,True
439,23950,439.0,5670.0,1.0,166.0,464.0,1.0,3.0,2.0,6.0,30.0,5.0,94.0,146.0,1.0,anterior_short_shank,1903.0,3338.0,52.0,right,38.42251659100748,1.0,True
391,20642,456.0,4590.0,1.0,453.0,612.0,1.0,3.0,6.0,8.0,30.0,17.0,120.0,180.0,1.0,anterior_short_shank,1616.0,3190.0,61.0,right,38.32237304894885,1.0,True
259,19563,390.0,3450.0,1.0,534.0,240.0,1.0,2.0,5.0,3.0,30.0,85.0,156.0,199.0,1.0,anterior_short_shank,1535.0,3562.0,28.0,left,38.32777640669311,2.0,False
595,15569,344.0,810.0,1.0,844.0,816.0,1.0,2.0,1.0,11.0,30.0,218.0,217.0,234.0,1.0,anterior_short_shank,1225.0,2986.0,6.0,left,38.455875538365696,2.0,False
603,23070,440.0,4020.0,1.0,237.0,464.0,2.0,3.0,3.0,6.0,30.0,49.0,141.0,190.0,1.0,anterior_short_shank,1832.0,3338.0,33.0,left,38.56141773696638,1.0,True
767,14690,332.0,90.0,1.0,925.0,816.0,1.0,2.0,0.0,11.0,30.0,238.0,233.0,243.0,1.0,anterior_short_shank,1144.0,2986.0,0.0,left,38.20561061011197,1.0,True
771,17539,509.0,3960.0,1.0,668.0,1002.0,2.0,3.0,9.0,13.0,30.0,51.0,142.0,191.0,1.0,anterior_short_shank,1401.0,2800.0,66.0,right,38.41223369778512,3.0,False
775,25019,501.0,4440.0,1.0,94.0,1002.0,2.0,3.0,1.0,13.0,30.0,28.0,127.0,184.0,1.0,anterior_short_shank,1975.0,2800.0,62.0,right,36.950692326685015,1.0,True
779,21490,532.0,2640.0,1.0,382.0,1175.0,2.0,3.0,5.0,15.0,30.0,135.0,177.0,212.0,1.0,anterior_short_shank,1687.0,2627.0,77.0,right,34.68407089681392,1.0,True
787,17754,522.0,3240.0,1.0,668.0,1088.0,2.0,3.0,9.0,14.0,30.0,101.0,163.0,204.0,1.0,anterior_short_shank,1401.0,2714.0,72.0,right,38.72939406505883,1.0,True
791,16874,523.0,390.0,1.0,740.0,1088.0,1.0,3.0,10.0,14.0,30.0,230.0,226.0,240.0,1.0,anterior_short_shank,1329.0,2714.0,96.0,right,38.46576896436175,1.0,True
795,21280,505.0,4200.0,1.0,380.0,1002.0,2.0,3.0,5.0,13.0,30.0,39.0,134.0,187.0,1.0,anterior_short_shank,1689.0,2800.0,64.0,right,26.32968675875685,1.0,True
803,17099,510.0,1230.0,1.0,740.0,1000.0,1.0,3.0,10.0,13.0,30.0,205.0,208.0,230.0,1.0,anterior_short_shank,1329.0,2802.0,89.0,right,38.64488030296047,2.0,False
811,21505,493.0,4920.0,1.0,382.0,918.0,2.0,3.0,5.0,12.0,30.0,6.0,111.0,175.0,1.0,anterior_short_shank,1687.0,2884.0,58.0,right,38.27406459645433,1.0,True
819,24808,478.0,5760.0,1.0,94.0,836.0,2.0,3.0,1.0,11.0,30.0,4.0,90.0,141.0,1.0,anterior_short_shank,1975.0,2966.0,51.0,right,38.46556040297683,2.0,False
823,21485,546.0,1800.0,1.0,382.0,1266.0,2.0,3.0,5.0,16.0,30.0,177.0,194.0,222.0,1.0,anterior_short_shank,1687.0,2536.0,84.0,right,38.12693286092736,1.0,True
827,14235,526.0,3000.0,1.0,955.0,1088.0,2.0,3.0,13.0,14.0,30.0,115.0,168.0,207.0,1.0,anterior_short_shank,1114.0,2714.0,74.0,right,38.173031512733935,1.0,True
835,23249,530.0,2760.0,1.0,237.0,1175.0,2.0,3.0,3.0,15.0,30.0,130.0,175.0,211.0,1.0,anterior_short_shank,1832.0,2627.0,76.0,right,38.322301074312605,1.0,True
843,17524,550.0,1560.0,1.0,668.0,1264.0,2.0,3.0,9.0,16.0,30.0,190.0,201.0,226.0,1.0,anterior_short_shank,1401.0,2538.0,86.0,right,38.15927305346454,1.0,True
851,21259,560.0,960.0,1.0,382.0,1353.0,2.0,3.0,5.0,17.0,30.0,213.0,213.0,232.0,1.0,anterior_short_shank,1687.0,2449.0,91.0,right,38.456402174502095,1.0,True
855,15785,499.0,4560.0,1.0,811.0,918.0,2.0,3.0,11.0,12.0,30.0,19.0,121.0,181.0,1.0,anterior_short_shank,1258.0,2884.0,61.0,right,38.37208278591102,1.0,True
867,19729,534.0,2520.0,1.0,526.0,1177.0,2.0,3.0,7.0,15.0,30.0,141.0,179.0,213.0,1.0,anterior_short_shank,1543.0,2625.0,78.0,right,38.10919963924141,1.0,True
871,23234,572.0,240.0,1.0,239.0,1440.0,2.0,3.0,3.0,18.0,30.0,235.0,230.0,241.0,1.0,anterior_short_shank,1830.0,2362.0,97.0,right,36.77950901460958,1.0,True
879,19520,507.0,4080.0,1.0,526.0,1002.0,2.0,3.0,7.0,13.0,30.0,45.0,138.0,189.0,1.0,anterior_short_shank,1543.0,2800.0,65.0,right,38.65476733308709,1.0,True
919,23239,558.0,1080.0,1.0,239.0,1352.0,2.0,3.0,3.0,17.0,30.0,211.0,212.0,232.0,1.0,anterior_short_shank,1830.0,2450.0,90.0,right,38.17270055822053,1.0,True
939,19715,576.0,0.0,1.0,524.0,1441.0,2.0,3.0,7.0,18.0,30.0,240.0,234.0,244.0,1.0,anterior_short_shank,1545.0,2361.0,99.0,right,37.52477964019993,1.0,True
971,19280,562.0,840.0,1.0,524.0,1353.0,2.0,3.0,7.0,17.0,30.0,217.0,216.0,234.0,1.0,anterior_short_shank,1545.0,2449.0,92.0,right,38.25672276275279,1.0,True
983,24774,570.0,360.0,1.0,94.0,1440.0,2.0,3.0,1.0,18.0,30.0,231.0,227.0,240.0,1.0,anterior_short_shank,1975.0,2362.0,96.0,right,38.51363943616313,1.0,True
763,15578,346.0,930.0,1.0,841.0,671.0,1.0,2.0,1.0,9.0,30.0,215.0,215.0,234.0,1.0,anterior_short_shank,1228.0,3131.0,7.0,left,38.727131822710014,1.0,True
759,20408,483.0,2910.0,1.0,454.0,838.0,1.0,3.0,6.0,11.0,30.0,122.0,172.0,209.0,1.0,anterior_short_shank,1615.0,2964.0,75.0,right,38.655167882571,1.0,True
751,22174,471.0,3630.0,1.0,309.0,760.0,1.0,3.0,4.0,10.0,30.0,72.0,151.0,196.0,1.0,anterior_short_shank,1760.0,3042.0,69.0,right,38.58387550786024,1.0,True
747,25244,489.0,5160.0,1.0,94.0,918.0,2.0,3.0,1.0,12.0,30.0,5.0,104.0,164.0,1.0,anterior_short_shank,1975.0,2884.0,56.0,right,38.38512434195635,1.0,True
607,21521,455.0,4860.0,1.0,379.0,610.0,2.0,3.0,5.0,8.0,30.0,5.0,111.0,175.0,1.0,anterior_short_shank,1690.0,3192.0,40.0,left,38.70586972875131,1.0,True
611,23281,453.0,4740.0,1.0,237.0,610.0,2.0,3.0,3.0,8.0,30.0,9.0,115.0,177.0,1.0,anterior_short_shank,1832.0,3192.0,39.0,left,38.24504500904631,1.0,True
615,22165,492.0,2310.0,1.0,309.0,918.0,1.0,3.0,4.0,12.0,30.0,154.0,185.0,217.0,1.0,anterior_short_shank,1760.0,2884.0,80.0,right,34.80814214559733,1.0,True
623,25045,444.0,4260.0,1.0,94.0,538.0,2.0,3.0,1.0,7.0,30.0,35.0,132.0,186.0,1.0,anterior_short_shank,1975.0,3264.0,35.0,left,38.71383377839342,1.0,True
631,24818,459.0,5100.0,1.0,94.0,682.0,2.0,3.0,1.0,9.0,30.0,5.0,106.0,167.0,1.0,anterior_short_shank,1975.0,3120.0,42.0,left,38.05905704855719,1.0,True
635,18429,485.0,2790.0,1.0,596.0,836.0,1.0,3.0,8.0,11.0,30.0,127.0,173.0,210.0,1.0,anterior_short_shank,1473.0,2966.0,76.0,right,37.988448904589546,1.0,True
639,23920,502.0,1710.0,1.0,167.0,1000.0,1.0,3.0,2.0,13.0,30.0,183.0,198.0,224.0,1.0,anterior_short_shank,1902.0,2802.0,85.0,right,38.31167920160351,1.0,True
647,23025,544.0,1920.0,1.0,237.0,1264.0,2.0,3.0,3.0,16.0,30.0,172.0,192.0,221.0,1.0,anterior_short_shank,1832.0,2538.0,83.0,right,38.032788953287046,1.0,True
651,22155,517.0,750.0,1.0,309.0,1090.0,1.0,3.0,4.0,14.0,30.0,219.0,218.0,235.0,1.0,anterior_short_shank,1760.0,2712.0,93.0,right,37.275961431331126,1.0,True
655,23035,516.0,3600.0,1.0,237.0,1088.0,2.0,3.0,3.0,14.0,30.0,75.0,152.0,197.0,1.0,anterior_short_shank,1832.0,2714.0,69.0,right,38.66474109895282,1.0,True
663,17989,486.0,5280.0,1.0,668.0,836.0,2.0,3.0,9.0,11.0,30.0,5.0,102.0,159.0,1.0,anterior_short_shank,1401.0,2966.0,55.0,right,38.3970511449054,1.0,True
599,19749,484.0,5400.0,1.0,524.0,838.0,2.0,3.0,7.0,11.0,30.0,4.0,99.0,155.0,1.0,anterior_short_shank,1545.0,2964.0,54.0,right,38.37273832060586,1.0,True
667,19725,548.0,1680.0,1.0,526.0,1264.0,2.0,3.0,7.0,16.0,30.0,182.0,197.0,223.0,1.0,anterior_short_shank,1543.0,2538.0,85.0,right,38.41634604619622,1.0,True
683,23039,503.0,4320.0,1.0,240.0,1002.0,2.0,3.0,3.0,13.0,30.0,33.0,130.0,185.0,1.0,anterior_short_shank,1829.0,2800.0,63.0,right,37.14815308393109,1.0,True
695,17530,536.0,2400.0,1.0,668.0,1177.0,2.0,3.0,9.0,15.0,30.0,147.0,181.0,214.0,1.0,anterior_short_shank,1401.0,2625.0,79.0,right,37.669697568844825,1.0,True
699,19534,474.0,5940.0,1.0,525.0,760.0,2.0,3.0,7.0,10.0,30.0,4.0,83.0,131.0,1.0,anterior_short_shank,1544.0,3042.0,49.0,left,38.3367500291726,1.0,True
711,19514,520.0,3360.0,1.0,524.0,1088.0,2.0,3.0,7.0,14.0,30.0,90.0,158.0,201.0,1.0,anterior_short_shank,1545.0,2714.0,71.0,right,38.4640209165144,1.0,True
719,21274,518.0,3480.0,1.0,379.0,1088.0,2.0,3.0,5.0,14.0,30.0,82.0,155.0,199.0,1.0,anterior_short_shank,1690.0,2714.0,70.0,right,37.81827726013884,1.0,True
723,22405,447.0,5190.0,1.0,309.0,538.0,1.0,3.0,4.0,7.0,30.0,5.0,103.0,162.0,1.0,anterior_short_shank,1760.0,3264.0,56.0,right,38.40455056895135,1.0,True
727,23269,480.0,5640.0,1.0,237.0,836.0,2.0,3.0,3.0,11.0,30.0,4.0,93.0,145.0,1.0,anterior_short_shank,1832.0,2966.0,52.0,right,38.36108564777045,1.0,True
731,18415,521.0,510.0,1.0,596.0,1090.0,1.0,3.0,8.0,14.0,30.0,227.0,224.0,238.0,1.0,anterior_short_shank,1473.0,2712.0,95.0,right,38.64632494186224,1.0,True
735,21314,401.0,4050.0,1.0,390.0,382.0,1.0,2.0,7.0,5.0,30.0,47.0,139.0,190.0,1.0,anterior_short_shank,1679.0,3420.0,33.0,left,38.28031251711235,3.0,False
739,19524,495.0,4800.0,1.0,526.0,918.0,2.0,3.0,7.0,12.0,30.0,7.0,114.0,177.0,1.0,anterior_short_shank,1543.0,2884.0,59.0,right,38.34835131130523,2.0,False
743,22401,454.0,4710.0,1.0,309.0,610.0,1.0,3.0,4.0,8.0,30.0,11.0,116.0,178.0,1.0,anterior_short_shank,1760.0,3192.0,60.0,right,38.18819731102519,1.0,True
675,21288,482.0,5520.0,1.0,380.0,835.0,2.0,3.0,5.0,11.0,30.0,5.0,97.0,152.0,1.0,anterior_short_shank,1689.0,2967.0,53.0,right,38.318690750015634,1.0,True
235,19326,386.0,3210.0,1.0,536.0,528.0,1.0,2.0,5.0,7.0,30.0,100.0,162.0,203.0,1.0,anterior_short_shank,1533.0,3274.0,26.0,left,38.1584444953158,1.0,True
519,23941,452.0,4830.0,1.0,163.0,610.0,1.0,3.0,2.0,8.0,30.0,5.0,112.0,176.0,1.0,anterior_short_shank,1906.0,3192.0,59.0,right,37.13578298346411,4.0,False
35,15770,538.0,2280.0,1.0,811.0,1177.0,2.0,3.0,11.0,15.0,30.0,153.0,184.0,216.0,1.0,anterior_short_shank,1258.0,2625.0,80.0,right,38.751467942763725,1.0,True
7,17559,367.0,2130.0,1.0,682.0,671.0,1.0,2.0,3.0,9.0,30.0,161.0,187.0,218.0,1.0,anterior_short_shank,1387.0,3131.0,17.0,left,38.646270610788605,1.0,True
175,21098,402.0,1740.0,1.0,390.0,312.0,2.0,2.0,7.0,4.0,30.0,181.0,196.0,223.0,1.0,anterior_short_shank,1679.0,3490.0,14.0,left,38.72729523551202,1.0,True
163,24153,469.0,3750.0,1.0,166.0,758.0,1.0,3.0,2.0,10.0,30.0,65.0,148.0,195.0,1.0,anterior_short_shank,1903.0,3044.0,68.0,right,38.37691031007108,1.0,True
207,20425,449.0,5070.0,1.0,453.0,538.0,1.0,3.0,6.0,7.0,30.0,6.0,108.0,169.0,1.0,anterior_short_shank,1616.0,3264.0,57.0,right,38.38335413847589,1.0,True
67,17109,487.0,2670.0,1.0,738.0,836.0,1.0,3.0,10.0,11.0,30.0,133.0,176.0,211.0,1.0,anterior_short_shank,1331.0,2966.0,77.0,right,36.74941748371361,2.0,False
63,16475,361.0,1770.0,1.0,761.0,383.0,1.0,2.0,2.0,5.0,30.0,179.0,195.0,222.0,1.0,anterior_short_shank,1308.0,3419.0,14.0,left,38.04602868276749,3.0,False
203,22198,407.0,2100.0,1.0,317.0,312.0,2.0,2.0,8.0,4.0,30.0,163.0,188.0,218.0,1.0,anterior_short_shank,1752.0,3490.0,17.0,left,38.43015689481486,2.0,False
107,17566,369.0,2250.0,1.0,684.0,528.0,1.0,2.0,3.0,7.0,30.0,155.0,185.0,216.0,1.0,anterior_short_shank,1385.0,3274.0,18.0,left,38.280855322234665,1.0,True
131,19571,392.0,3570.0,1.0,536.0,93.0,1.0,2.0,5.0,1.0,30.0,77.0,153.0,198.0,1.0,anterior_short_shank,1533.0,3709.0,29.0,left,36.60990585225939,1.0,True
167,18231,379.0,300.0,1.0,609.0,457.0,2.0,2.0,4.0,6.0,30.0,232.0,228.0,240.0,1.0,anterior_short_shank,1460.0,3345.0,2.0,left,38.41266124544288,1.0,True
111,19322,457.0,4980.0,1.0,526.0,611.0,2.0,3.0,7.0,8.0,30.0,5.0,109.0,171.0,1.0,anterior_short_shank,1543.0,3191.0,41.0,left,38.629660396109735,1.0,True
45,14258,334.0,210.0,1.0,925.0,673.0,1.0,2.0,0.0,9.0,30.0,236.0,231.0,242.0,1.0,anterior_short_shank,1144.0,3129.0,1.0,left,38.50405501254805,1.0,True
11,14894,525.0,270.0,1.0,884.0,1088.0,1.0,3.0,12.0,14.0,30.0,234.0,229.0,241.0,1.0,anterior_short_shank,1185.0,2714.0,97.0,right,38.11384843921303,1.0,True
115,17375,376.0,60.0,1.0,682.0,24.0,2.0,2.0,3.0,0.0,30.0,239.0,233.0,243.0,1.0,anterior_short_shank,1387.0,3778.0,0.0,left,38.1242287213829,1.0,True
171,21102,403.0,4170.0,1.0,388.0,240.0,1.0,2.0,7.0,3.0,30.0,41.0,135.0,188.0,1.0,anterior_short_shank,1681.0,3562.0,34.0,left,38.688560420618295,1.0,True
127,20637,464.0,4110.0,1.0,454.0,682.0,1.0,3.0,6.0,9.0,30.0,43.0,137.0,188.0,1.0,anterior_short_shank,1615.0,3120.0,65.0,right,37.888755772075896,1.0,True
187,21297,463.0,5340.0,1.0,382.0,684.0,2.0,3.0,5.0,9.0,30.0,4.0,100.0,157.0,1.0,anterior_short_shank,1687.0,3118.0,44.0,left,38.41304890916473,1.0,True
183,14502,340.0,570.0,1.0,923.0,240.0,1.0,2.0,0.0,3.0,30.0,225.0,222.0,237.0,1.0,anterior_short_shank,1146.0,3562.0,4.0,left,38.11717272460765,1.0,True
53,15375,350.0,1170.0,1.0,841.0,384.0,1.0,2.0,1.0,5.0,30.0,206.0,208.0,229.0,1.0,anterior_short_shank,1228.0,3418.0,9.0,left,36.5644045124809,2.0,False
159,18864,496.0,2070.0,1.0,596.0,918.0,1.0,3.0,8.0,12.0,30.0,165.0,189.0,219.0,1.0,anterior_short_shank,1473.0,2884.0,82.0,right,38.69116717926959,1.0,True
211,20444,397.0,3810.0,1.0,463.0,239.0,1.0,2.0,6.0,3.0,30.0,60.0,146.0,193.0,1.0,anterior_short_shank,1606.0,3563.0,31.0,left,38.26238717581081,1.0,True
135,23065,446.0,4380.0,1.0,237.0,538.0,2.0,3.0,3.0,7.0,30.0,29.0,128.0,184.0,1.0,anterior_short_shank,1832.0,3264.0,36.0,left,38.750605515268326,1.0,True
215,16686,359.0,1650.0,1.0,761.0,528.0,1.0,2.0,2.0,7.0,30.0,184.0,198.0,224.0,1.0,anterior_short_shank,1308.0,3274.0,13.0,left,37.30246230688052,1.0,True
83,16678,357.0,1530.0,1.0,762.0,673.0,1.0,2.0,2.0,9.0,30.0,189.0,200.0,225.0,1.0,anterior_short_shank,1307.0,3129.0,12.0,left,38.603698776311845,1.0,True
147,23958,430.0,5730.0,1.0,164.0,318.0,1.0,3.0,2.0,4.0,30.0,4.0,91.0,143.0,1.0,anterior_short_shank,1905.0,3484.0,47.0,left,38.2631650099481,1.0,True
143,17363,373.0,2490.0,1.0,683.0,239.0,1.0,2.0,3.0,3.0,30.0,143.0,180.0,214.0,1.0,anterior_short_shank,1386.0,3563.0,20.0,left,38.22246615865073,1.0,True
87,15366,348.0,1050.0,1.0,841.0,528.0,1.0,2.0,1.0,7.0,30.0,210.0,211.0,231.0,1.0,anterior_short_shank,1228.0,3274.0,8.0,left,38.20561897722591,1.0,True
151,23966,416.0,2700.0,1.0,172.0,169.0,2.0,2.0,10.0,2.0,30.0,131.0,175.0,211.0,1.0,anterior_short_shank,1897.0,3633.0,22.0,left,38.64468880138207,1.0,True
99,19757,465.0,5460.0,1.0,524.0,684.0,2.0,3.0,7.0,9.0,30.0,4.0,97.0,152.0,1.0,anterior_short_shank,1545.0,3118.0,45.0,left,38.37673425540126,2.0,False
75,18662,377.0,180.0,1.0,608.0,598.0,2.0,2.0,4.0,8.0,30.0,239.0,234.0,244.0,1.0,anterior_short_shank,1461.0,3204.0,1.0,left,38.387985155137294,1.0,True
231,19335,388.0,3330.0,1.0,536.0,384.0,1.0,2.0,5.0,5.0,30.0,92.0,159.0,201.0,1.0,anterior_short_shank,1533.0,3418.0,27.0,left,38.1417094937305,1.0,True
155,22423,408.0,4410.0,1.0,317.0,239.0,1.0,2.0,8.0,3.0,30.0,27.0,126.0,183.0,1.0,anterior_short_shank,1752.0,3563.0,36.0,left,38.45751976287096,1.0,True
223,21326,404.0,1860.0,1.0,388.0,167.0,2.0,2.0,7.0,2.0,30.0,176.0,195.0,222.0,1.0,anterior_short_shank,1681.0,3635.0,15.0,left,38.43433783742159,2.0,False
51,19331,387.0,780.0,1.0,534.0,456.0,2.0,2.0,5.0,6.0,30.0,220.0,219.0,236.0,1.0,anterior_short_shank,1535.0,3346.0,6.0,left,38.34387778374417,2.0,False
79,21111,405.0,4290.0,1.0,388.0,96.0,1.0,2.0,7.0,1.0,30.0,36.0,133.0,187.0,1.0,anterior_short_shank,1681.0,3706.0,35.0,left,36.89945057032736,1.0,True
31,16484,363.0,1890.0,1.0,760.0,240.0,1.0,2.0,2.0,3.0,30.0,174.0,193.0,221.0,1.0,anterior_short_shank,1309.0,3562.0,15.0,left,38.54024679724863,1.0,True
219,19338,389.0,900.0,1.0,536.0,313.0,2.0,2.0,5.0,4.0,30.0,214.0,214.0,233.0,1.0,anterior_short_shank,1533.0,3489.0,7.0,left,38.62197593608997,1.0,True
73,14714,338.0,450.0,1.0,923.0,383.0,1.0,2.0,0.0,5.0,30.0,228.0,225.0,239.0,1.0,anterior_short_shank,1146.0,3419.0,3.0,left,37.94041875199881,2.0,False
773,1494,183.0,10100.0,2.0,1961.0,759.0,2.0,0.0,9.0,10.0,30.0,0.0,102.0,54.0,1.0,anterior_long_shank,108.0,3043.0,86.0,left,38.21096989724754,1.0,True
761,10714,123.0,6710.0,2.0,1242.0,1088.0,2.0,0.0,3.0,14.0,30.0,68.0,173.0,95.0,1.0,anterior_long_shank,827.0,2714.0,57.0,left,38.09802263797536,1.0,True
781,6754,127.0,6870.0,2.0,1530.0,1088.0,2.0,0.0,7.0,14.0,30.0,63.0,168.0,91.0,1.0,anterior_long_shank,539.0,2714.0,59.0,left,38.44794302982012,1.0,True
41,8770,282.0,2920.0,2.0,1374.0,456.0,1.0,1.0,2.0,6.0,30.0,187.0,227.0,149.0,1.0,anterior_long_shank,695.0,3346.0,151.0,right,38.23166329823619,1.0,True
49,8131,269.0,6350.0,2.0,1446.0,94.0,2.0,1.0,6.0,1.0,30.0,88.0,183.0,105.0,1.0,anterior_long_shank,623.0,3708.0,124.0,right,38.33895905407512,1.0,True
765,4138,190.0,8620.0,2.0,1744.0,684.0,1.0,0.0,5.0,9.0,30.0,22.0,122.0,63.0,1.0,anterior_long_shank,325.0,3118.0,100.0,right,37.590057627225626,2.0,False
47,14727,341.0,2260.0,2.0,925.0,169.0,2.0,2.0,0.0,2.0,30.0,214.0,239.0,162.0,1.0,anterior_long_shank,1144.0,3633.0,159.0,right,37.18235961253158,2.0,False
789,3225,101.0,5910.0,2.0,1816.0,1264.0,2.0,0.0,11.0,16.0,30.0,108.0,192.0,115.0,1.0,anterior_long_shank,253.0,2538.0,47.0,left,38.292650080884734,2.0,False
783,12926,330.0,120.0,2.0,1058.0,887.0,1.0,1.0,0.0,12.0,30.0,249.0,253.0,193.0,1.0,anterior_long_shank,1011.0,2915.0,176.0,right,38.38907926068755,1.0,True
777,7844,96.0,6250.0,2.0,1458.0,1264.0,1.0,0.0,6.0,16.0,30.0,93.0,185.0,108.0,1.0,anterior_long_shank,611.0,2538.0,51.0,left,37.73806831566998,1.0,True
769,7630,111.0,6890.0,2.0,1458.0,1175.0,1.0,0.0,6.0,15.0,30.0,62.0,167.0,90.0,1.0,anterior_long_shank,611.0,2627.0,59.0,left,38.26361082851455,1.0,True
39,11648,308.0,1800.0,2.0,1142.0,169.0,1.0,1.0,9.0,2.0,30.0,227.0,244.0,171.0,1.0,anterior_long_shank,927.0,3633.0,165.0,right,37.33114438086479,1.0,True
43,11862,309.0,3960.0,2.0,1142.0,239.0,2.0,1.0,8.0,3.0,30.0,162.0,217.0,138.0,1.0,anterior_long_shank,927.0,3563.0,143.0,right,38.70964023766693,1.0,True
37,10971,301.0,2120.0,2.0,1220.0,458.0,1.0,1.0,4.0,6.0,30.0,220.0,242.0,166.0,1.0,anterior_long_shank,849.0,3344.0,161.0,right,38.12574766486843,1.0,True
785,3889,115.0,7050.0,2.0,1745.0,1175.0,1.0,0.0,10.0,15.0,30.0,59.0,163.0,88.0,1.0,anterior_long_shank,324.0,2627.0,61.0,left,38.349811100908056,1.0,True
233,14246,331.0,2660.0,2.0,924.0,888.0,2.0,2.0,0.0,12.0,30.0,198.0,232.0,154.0,1.0,anterior_long_shank,1145.0,2914.0,154.0,right,38.37974219177384,1.0,True
755,14263,335.0,2500.0,2.0,925.0,598.0,2.0,2.0,0.0,8.0,30.0,204.0,235.0,157.0,1.0,anterior_long_shank,1144.0,3204.0,156.0,right,38.25730357541679,1.0,True
677,3465,158.0,8180.0,2.0,1816.0,918.0,2.0,0.0,9.0,12.0,30.0,30.0,128.0,66.0,1.0,anterior_long_shank,253.0,2884.0,74.0,left,38.483839064954864,1.0,True
681,10689,48.0,2620.0,2.0,1242.0,1529.0,2.0,0.0,3.0,19.0,30.0,201.0,234.0,156.0,1.0,anterior_long_shank,827.0,2273.0,22.0,left,38.03604469413366,1.0,True
77,9849,163.0,10140.0,2.0,1314.0,836.0,1.0,0.0,1.0,11.0,30.0,1.0,103.0,55.0,1.0,anterior_long_shank,755.0,2966.0,86.0,left,38.05954470548485,1.0,True
685,5000,143.0,7510.0,2.0,1674.0,1000.0,2.0,0.0,8.0,13.0,30.0,45.0,145.0,76.0,1.0,anterior_long_shank,395.0,2802.0,67.0,left,38.02866460344491,1.0,True
687,16470,360.0,1200.0,2.0,761.0,456.0,2.0,2.0,2.0,6.0,30.0,237.0,248.0,178.0,1.0,anterior_long_shank,1308.0,3346.0,169.0,right,38.01647155005774,2.0,False
689,13354,120.0,7290.0,2.0,1027.0,1090.0,1.0,0.0,0.0,14.0,30.0,51.0,153.0,81.0,1.0,anterior_long_shank,1042.0,2712.0,64.0,left,36.72988967729346,1.0,True
693,11600,136.0,7930.0,2.0,1172.0,999.0,1.0,0.0,1.0,13.0,30.0,33.0,131.0,66.0,1.0,anterior_long_shank,897.0,2803.0,72.0,left,37.02810136118036,1.0,True
697,4340,144.0,8540.0,2.0,1744.0,1001.0,1.0,0.0,9.0,13.0,30.0,23.0,122.0,63.0,1.0,anterior_long_shank,325.0,2801.0,76.0,left,38.28950614461587,1.0,True
701,7640,140.0,8220.0,2.0,1460.0,1000.0,1.0,0.0,5.0,13.0,30.0,28.0,127.0,65.0,1.0,anterior_long_shank,609.0,2802.0,74.0,left,38.22968182926284,1.0,True
705,10685,33.0,2060.0,2.0,1242.0,1615.0,2.0,0.0,3.0,20.0,30.0,221.0,241.0,166.0,1.0,anterior_long_shank,827.0,2187.0,15.0,left,38.32107002265104,1.0,True
709,1265,160.0,8340.0,2.0,1960.0,918.0,2.0,0.0,11.0,12.0,30.0,26.0,125.0,64.0,1.0,anterior_long_shank,109.0,2884.0,75.0,left,37.68713087765418,2.0,False
71,12751,319.0,3160.0,2.0,1058.0,96.0,2.0,1.0,11.0,1.0,30.0,180.0,225.0,146.0,1.0,anterior_long_shank,1011.0,3706.0,148.0,right,38.68340007058531,1.0,True
713,8735,125.0,6790.0,2.0,1387.0,1090.0,2.0,0.0,5.0,14.0,30.0,65.0,171.0,93.0,1.0,anterior_long_shank,682.0,2712.0,58.0,left,38.155881840375095,1.0,True
715,10505,150.0,7750.0,2.0,1242.0,918.0,2.0,0.0,1.0,12.0,30.0,38.0,136.0,70.0,1.0,anterior_long_shank,827.0,2884.0,70.0,left,38.54942141559668,1.0,True
717,10264,93.0,5480.0,2.0,1242.0,1264.0,2.0,0.0,3.0,16.0,30.0,124.0,200.0,123.0,1.0,anterior_long_shank,827.0,2538.0,43.0,left,37.10040621486935,1.0,True
69,12039,135.0,7190.0,2.0,1100.0,1000.0,2.0,0.0,0.0,13.0,30.0,54.0,157.0,83.0,1.0,anterior_long_shank,969.0,2802.0,63.0,left,38.367352561804125,1.0,True
721,3450,116.0,6470.0,2.0,1816.0,1175.0,2.0,0.0,11.0,15.0,30.0,81.0,179.0,101.0,1.0,anterior_long_shank,253.0,2627.0,54.0,left,38.50432255680335,1.0,True
725,4353,180.0,9420.0,2.0,1745.0,758.0,1.0,0.0,6.0,10.0,30.0,9.0,112.0,58.0,1.0,anterior_long_shank,324.0,3044.0,95.0,right,38.26706487096387,1.0,True
65,12054,316.0,1240.0,2.0,1142.0,744.0,1.0,1.0,1.0,10.0,30.0,236.0,248.0,177.0,1.0,anterior_long_shank,927.0,3058.0,169.0,right,37.7788770984803,1.0,True
733,3248,170.0,9140.0,2.0,1816.0,836.0,2.0,0.0,8.0,11.0,30.0,13.0,115.0,60.0,1.0,anterior_long_shank,253.0,2966.0,80.0,left,38.293918304872726,2.0,False
61,6355,260.0,6670.0,2.0,1591.0,384.0,2.0,1.0,0.0,5.0,30.0,71.0,174.0,96.0,1.0,anterior_long_shank,478.0,3418.0,120.0,right,38.14043320341496,2.0,False
737,3909,169.0,10380.0,2.0,1746.0,836.0,1.0,0.0,7.0,11.0,30.0,1.0,99.0,54.0,1.0,anterior_long_shank,323.0,2966.0,89.0,right,38.28793375106001,1.0,True
59,12734,323.0,2980.0,2.0,1058.0,384.0,2.0,1.0,7.0,5.0,30.0,185.0,226.0,148.0,1.0,anterior_long_shank,1011.0,3418.0,150.0,right,38.4829326416386,1.0,True
793,4769,114.0,6390.0,2.0,1674.0,1178.0,2.0,0.0,9.0,15.0,30.0,84.0,181.0,103.0,1.0,anterior_long_shank,395.0,2624.0,53.0,left,37.98331407718496,1.0,True
57,12719,327.0,2820.0,2.0,1059.0,671.0,2.0,1.0,3.0,9.0,30.0,191.0,229.0,151.0,1.0,anterior_long_shank,1010.0,3131.0,152.0,right,38.12781831905339,1.0,True
745,4979,84.0,4840.0,2.0,1674.0,1352.0,2.0,0.0,9.0,17.0,30.0,140.0,207.0,129.0,1.0,anterior_long_shank,395.0,2450.0,39.0,left,38.42070641126072,1.0,True
55,12730,324.0,600.0,2.0,1058.0,456.0,1.0,1.0,6.0,6.0,30.0,245.0,251.0,184.0,1.0,anterior_long_shank,1011.0,3346.0,173.0,right,36.356178450172784,2.0,False
749,8730,110.0,6230.0,2.0,1387.0,1177.0,2.0,0.0,5.0,15.0,30.0,92.0,184.0,107.0,1.0,anterior_long_shank,682.0,2625.0,51.0,left,38.19800163080838,1.0,True
753,4334,130.0,7690.0,2.0,1745.0,1090.0,1.0,0.0,10.0,14.0,30.0,40.0,139.0,72.0,1.0,anterior_long_shank,324.0,2712.0,69.0,left,38.12948089978831,3.0,False
757,8743,152.0,7830.0,2.0,1387.0,919.0,2.0,0.0,3.0,12.0,30.0,36.0,134.0,68.0,1.0,anterior_long_shank,682.0,2883.0,71.0,left,38.26819581729735,2.0,False
741,4789,168.0,8980.0,2.0,1675.0,836.0,2.0,0.0,6.0,11.0,30.0,18.0,118.0,62.0,1.0,anterior_long_shank,394.0,2966.0,79.0,left,38.3923727437481,1.0,True
809,4984,99.0,5830.0,2.0,1674.0,1264.0,2.0,0.0,9.0,16.0,30.0,112.0,194.0,117.0,1.0,anterior_long_shank,395.0,2538.0,46.0,left,38.53947687468183,1.0,True
799,11145,92.0,6090.0,2.0,1170.0,1262.0,1.0,0.0,2.0,16.0,30.0,99.0,188.0,111.0,1.0,anterior_long_shank,899.0,2540.0,49.0,left,26.370635124864204,1.0,True
891,11579,77.0,5200.0,2.0,1170.0,1353.0,1.0,0.0,2.0,17.0,30.0,131.0,203.0,126.0,1.0,anterior_long_shank,899.0,2449.0,41.0,left,38.38482922128455,1.0,True
893,10254,63.0,3240.0,2.0,1243.0,1440.0,2.0,0.0,3.0,18.0,30.0,177.0,223.0,144.0,1.0,anterior_long_shank,826.0,2362.0,29.0,left,37.34455867460457,1.0,True
902,12435,1.0,0.0,2.0,1099.0,1792.0,2.0,0.0,1.0,22.0,30.0,249.0,253.0,194.0,1.0,anterior_long_shank,970.0,2010.0,0.0,left,37.82355370921935,1.0,True
903,12225,31.0,1980.0,2.0,1100.0,1616.0,2.0,0.0,1.0,20.0,30.0,223.0,242.0,167.0,1.0,anterior_long_shank,969.0,2186.0,14.0,left,37.814214349939945,1.0,True
909,4739,24.0,1740.0,2.0,1672.0,1704.0,2.0,0.0,9.0,21.0,30.0,229.0,245.0,172.0,1.0,anterior_long_shank,397.0,2098.0,11.0,left,38.32283966692913,1.0,True
9,17358,372.0,240.0,2.0,683.0,311.0,2.0,2.0,3.0,4.0,30.0,248.0,252.0,189.0,1.0,anterior_long_shank,1386.0,3491.0,175.0,right,38.41870123821153,2.0,False
921,7605,36.0,2400.0,2.0,1458.0,1616.0,1.0,0.0,6.0,20.0,30.0,208.0,236.0,159.0,1.0,anterior_long_shank,611.0,2186.0,19.0,left,36.62415506807059,1.0,True
922,9365,34.0,2320.0,2.0,1315.0,1616.0,1.0,0.0,4.0,20.0,30.0,213.0,239.0,162.0,1.0,anterior_long_shank,754.0,2186.0,18.0,left,36.98795447349303,1.0,True
929,6734,67.0,3560.0,2.0,1530.0,1438.0,2.0,0.0,7.0,18.0,30.0,173.0,222.0,143.0,1.0,anterior_long_shank,539.0,2364.0,31.0,left,37.858586140375486,1.0,True
936,5614,8.0,680.0,2.0,1602.0,1790.0,1.0,0.0,8.0,22.0,30.0,245.0,252.0,184.0,1.0,anterior_long_shank,467.0,2012.0,4.0,left,37.98637753369554,1.0,True
941,5619,23.0,1840.0,2.0,1602.0,1704.0,1.0,0.0,8.0,21.0,30.0,227.0,244.0,170.0,1.0,anterior_long_shank,467.0,2098.0,12.0,left,37.83460774972613,2.0,False
945,6729,52.0,2780.0,2.0,1530.0,1528.0,2.0,0.0,7.0,19.0,30.0,193.0,230.0,152.0,1.0,anterior_long_shank,539.0,2274.0,24.0,left,38.36527235642484,1.0,True
947,12014,61.0,3100.0,2.0,1098.0,1441.0,2.0,0.0,1.0,18.0,30.0,180.0,224.0,146.0,1.0,anterior_long_shank,971.0,2361.0,28.0,left,38.516894991790096,1.0,True
953,6959,82.0,4680.0,2.0,1528.0,1352.0,2.0,0.0,7.0,17.0,30.0,143.0,208.0,130.0,1.0,anterior_long_shank,541.0,2450.0,38.0,left,38.41134684000313,1.0,True
956,8705,35.0,2140.0,2.0,1387.0,1618.0,2.0,0.0,5.0,20.0,30.0,219.0,241.0,164.0,1.0,anterior_long_shank,682.0,2184.0,16.0,left,38.23961247310811,1.0,True
957,1234,73.0,4040.0,2.0,1961.0,1438.0,2.0,0.0,13.0,18.0,30.0,159.0,215.0,136.0,1.0,anterior_long_shank,108.0,2364.0,34.0,left,37.273145110590825,1.0,True
958,10679,18.0,1280.0,2.0,1242.0,1704.0,2.0,0.0,3.0,21.0,30.0,236.0,247.0,177.0,1.0,anterior_long_shank,827.0,2098.0,8.0,left,37.32717043982547,1.0,True
966,12440,16.0,1120.0,2.0,1098.0,1706.0,2.0,0.0,1.0,21.0,30.0,239.0,249.0,180.0,1.0,anterior_long_shank,971.0,2096.0,7.0,left,30.328347656834254,1.0,True
5,10735,305.0,1960.0,2.0,1220.0,743.0,1.0,1.0,0.0,10.0,30.0,223.0,243.0,168.0,1.0,anterior_long_shank,849.0,3059.0,163.0,right,38.10999510326855,1.0,True
977,4309,55.0,3280.0,2.0,1744.0,1528.0,1.0,0.0,10.0,19.0,30.0,176.0,222.0,144.0,1.0,anterior_long_shank,325.0,2274.0,29.0,left,36.66222426021034,2.0,False
3,10962,303.0,2040.0,2.0,1222.0,600.0,1.0,1.0,2.0,8.0,30.0,221.0,242.0,166.0,1.0,anterior_long_shank,847.0,3202.0,162.0,right,38.16226737404852,2.0,False
985,6935,7.0,480.0,2.0,1530.0,1793.0,2.0,0.0,7.0,22.0,30.0,246.0,252.0,185.0,1.0,anterior_long_shank,539.0,2009.0,3.0,left,36.506394856588805,1.0,True
989,6965,97.0,5750.0,2.0,1530.0,1264.0,2.0,0.0,7.0,16.0,30.0,120.0,199.0,122.0,1.0,anterior_long_shank,539.0,2538.0,45.0,left,38.30069239135483,1.0,True
993,10720,137.0,7270.0,2.0,1244.0,1002.0,2.0,0.0,2.0,13.0,30.0,52.0,154.0,82.0,1.0,anterior_long_shank,825.0,2800.0,64.0,left,38.56641481100406,1.0,True
997,11554,2.0,200.0,2.0,1170.0,1792.0,1.0,0.0,2.0,22.0,30.0,248.0,252.0,190.0,1.0,anterior_long_shank,899.0,2010.0,1.0,left,38.35367223948802,1.0,True
1001,3424,41.0,2380.0,2.0,1816.0,1614.0,2.0,0.0,11.0,20.0,30.0,209.0,237.0,159.0,1.0,anterior_long_shank,253.0,2188.0,19.0,left,38.25821828554099,1.0,True
1005,3875,70.0,4560.0,2.0,1746.0,1440.0,1.0,0.0,10.0,18.0,30.0,148.0,211.0,133.0,1.0,anterior_long_shank,323.0,2362.0,37.0,left,38.31146925576638,1.0,True
1009,4965,39.0,2300.0,2.0,1672.0,1616.0,2.0,0.0,9.0,20.0,30.0,212.0,238.0,161.0,1.0,anterior_long_shank,397.0,2186.0,18.0,left,37.8344298047113,3.0,False
1013,3214,71.0,3880.0,2.0,1818.0,1440.0,2.0,0.0,11.0,18.0,30.0,163.0,217.0,138.0,1.0,anterior_long_shank,251.0,2362.0,33.0,left,38.63821412797359,1.0,True
889,6940,22.0,1600.0,2.0,1531.0,1704.0,2.0,0.0,7.0,21.0,30.0,231.0,246.0,174.0,1.0,anterior_long_shank,538.0,2098.0,10.0,left,38.26425579864704,1.0,True
885,12024,91.0,5320.0,2.0,1098.0,1264.0,2.0,0.0,1.0,16.0,30.0,128.0,201.0,124.0,1.0,anterior_long_shank,971.0,2538.0,42.0,left,37.38474956914968,1.0,True
883,13339,75.0,5040.0,2.0,1027.0,1353.0,1.0,0.0,0.0,17.0,30.0,135.0,205.0,127.0,1.0,anterior_long_shank,1042.0,2449.0,40.0,left,37.92596297731843,1.0,True
881,4955,9.0,640.0,2.0,1674.0,1793.0,2.0,0.0,9.0,22.0,30.0,244.0,251.0,183.0,1.0,anterior_long_shank,395.0,2009.0,4.0,left,38.50053473264226,1.0,True
801,8720,80.0,4520.0,2.0,1387.0,1353.0,2.0,0.0,5.0,17.0,30.0,147.0,210.0,132.0,1.0,anterior_long_shank,682.0,2449.0,37.0,left,38.10800030107094,2.0,False
33,8999,280.0,3000.0,2.0,1376.0,312.0,1.0,1.0,4.0,4.0,30.0,184.0,226.0,147.0,1.0,anterior_long_shank,693.0,3490.0,150.0,right,38.18880576621478,1.0,True
805,5190,54.0,2860.0,2.0,1673.0,1528.0,2.0,0.0,9.0,19.0,30.0,190.0,228.0,150.0,1.0,anterior_long_shank,396.0,2274.0,25.0,left,38.277226196879816,1.0,True
807,15582,347.0,2020.0,2.0,841.0,600.0,2.0,2.0,1.0,8.0,30.0,224.0,244.0,169.0,1.0,anterior_long_shank,1228.0,3202.0,162.0,right,38.40846624827057,1.0,True
817,6105,155.0,9500.0,2.0,1602.0,916.0,1.0,0.0,6.0,12.0,30.0,8.0,110.0,58.0,1.0,anterior_long_shank,467.0,2886.0,82.0,left,33.40964826541767,2.0,False
29,12962,321.0,3060.0,2.0,1059.0,239.0,2.0,1.0,9.0,3.0,30.0,182.0,225.0,146.0,1.0,anterior_long_shank,1010.0,3563.0,149.0,right,38.47702314026684,1.0,True
821,2560,87.0,5850.0,2.0,1888.0,1352.0,1.0,0.0,12.0,17.0,30.0,114.0,196.0,119.0,1.0,anterior_long_shank,181.0,2450.0,46.0,left,38.103476120660645,1.0,True
27,14500,339.0,2340.0,2.0,923.0,312.0,2.0,2.0,0.0,4.0,30.0,211.0,238.0,160.0,1.0,anterior_long_shank,1146.0,3490.0,158.0,right,38.994785020781805,1.0,True
25,11610,317.0,3320.0,2.0,1142.0,816.0,2.0,1.0,0.0,11.0,30.0,175.0,222.0,143.0,1.0,anterior_long_shank,927.0,2986.0,147.0,right,38.0750714505913,1.0,True
829,12450,46.0,2540.0,2.0,1100.0,1529.0,2.0,0.0,1.0,19.0,30.0,203.0,234.0,156.0,1.0,anterior_long_shank,969.0,2273.0,21.0,left,37.816514447092814,1.0,True
831,12029,106.0,6070.0,2.0,1098.0,1177.0,2.0,0.0,1.0,15.0,30.0,101.0,189.0,111.0,1.0,anterior_long_shank,971.0,2625.0,49.0,left,37.55132666551298,1.0,True
833,3220,86.0,5000.0,2.0,1816.0,1352.0,2.0,0.0,11.0,17.0,30.0,136.0,205.0,127.0,1.0,anterior_long_shank,253.0,2450.0,40.0,left,37.94741274742752,2.0,False
23,16675,356.0,1520.0,2.0,761.0,744.0,2.0,2.0,2.0,10.0,30.0,235.0,248.0,177.0,1.0,anterior_long_shank,1308.0,3058.0,167.0,right,38.28182557112246,1.0,True
837,9360,19.0,1640.0,2.0,1314.0,1704.0,1.0,0.0,4.0,21.0,30.0,231.0,246.0,173.0,1.0,anterior_long_shank,755.0,2098.0,10.0,left,30.35113872650453,1.0,True
797,9390,109.0,6810.0,2.0,1315.0,1175.0,1.0,0.0,4.0,15.0,30.0,64.0,170.0,92.0,1.0,anterior_long_shank,754.0,2627.0,58.0,left,38.52729911069908,1.0,True
21,11619,315.0,3480.0,2.0,1139.0,671.0,2.0,1.0,2.0,9.0,30.0,172.0,221.0,142.0,1.0,anterior_long_shank,930.0,3131.0,146.0,right,37.415906661096486,2.0,False
847,12034,121.0,6630.0,2.0,1100.0,1088.0,2.0,0.0,1.0,14.0,30.0,72.0,174.0,97.0,1.0,anterior_long_shank,969.0,2714.0,56.0,left,38.15599667180317,1.0,True
849,7835,66.0,4240.0,2.0,1458.0,1441.0,1.0,0.0,6.0,18.0,30.0,154.0,213.0,135.0,1.0,anterior_long_shank,611.0,2361.0,35.0,left,36.59521406706256,1.0,True
19,15827,353.0,1780.0,2.0,841.0,169.0,2.0,2.0,1.0,2.0,30.0,228.0,244.0,171.0,1.0,anterior_long_shank,1228.0,3633.0,165.0,right,38.45591768312429,1.0,True
853,4319,85.0,5770.0,2.0,1745.0,1352.0,1.0,0.0,10.0,17.0,30.0,116.0,196.0,119.0,1.0,anterior_long_shank,324.0,2450.0,45.0,left,38.12503303640726,1.0,True
17,9672,286.0,5710.0,2.0,1298.0,97.0,2.0,1.0,8.0,1.0,30.0,118.0,197.0,120.0,1.0,anterior_long_shank,771.0,3705.0,132.0,right,38.814781960305226,1.0,True
857,4079,25.0,1920.0,2.0,1744.0,1704.0,1.0,0.0,10.0,21.0,30.0,228.0,246.0,172.0,1.0,anterior_long_shank,325.0,2098.0,13.0,left,38.236149561020575,1.0,True
861,6725,37.0,2220.0,2.0,1530.0,1616.0,2.0,0.0,7.0,20.0,30.0,217.0,241.0,164.0,1.0,anterior_long_shank,539.0,2186.0,17.0,left,38.3779939835164,1.0,True
863,11569,47.0,2880.0,2.0,1169.0,1528.0,1.0,0.0,2.0,19.0,30.0,189.0,228.0,150.0,1.0,anterior_long_shank,900.0,2274.0,25.0,left,38.0361807423741,1.0,True
865,4754,69.0,3720.0,2.0,1674.0,1440.0,2.0,0.0,9.0,18.0,30.0,166.0,218.0,139.0,1.0,anterior_long_shank,395.0,2362.0,32.0,left,38.374083246234086,1.0,True
15,12726,325.0,2900.0,2.0,1056.0,528.0,2.0,1.0,5.0,7.0,30.0,188.0,228.0,149.0,1.0,anterior_long_shank,1013.0,3274.0,151.0,right,38.46605496077975,1.0,True
869,9355,4.0,360.0,2.0,1315.0,1793.0,1.0,0.0,4.0,22.0,30.0,247.0,252.0,187.0,1.0,anterior_long_shank,754.0,2009.0,2.0,left,38.412768506027696,1.0,True
13,9650,291.0,2520.0,2.0,1299.0,457.0,1.0,1.0,3.0,6.0,30.0,205.0,236.0,158.0,1.0,anterior_long_shank,770.0,3345.0,156.0,right,38.498379683413,1.0,True
873,4105,100.0,6410.0,2.0,1746.0,1264.0,1.0,0.0,10.0,16.0,30.0,83.0,180.0,102.0,1.0,anterior_long_shank,323.0,2538.0,53.0,left,38.26393781233425,1.0,True
877,7595,6.0,520.0,2.0,1458.0,1794.0,1.0,0.0,6.0,22.0,30.0,247.0,253.0,186.0,1.0,anterior_long_shank,611.0,2008.0,3.0,left,38.49556833452355,1.0,True
845,8479,20.0,1440.0,2.0,1385.0,1704.0,2.0,0.0,5.0,21.0,30.0,233.0,247.0,175.0,1.0,anterior_long_shank,684.0,2098.0,9.0,left,36.53850347828691,1.0,True
673,10259,78.0,4360.0,2.0,1242.0,1353.0,2.0,0.0,3.0,17.0,30.0,153.0,213.0,135.0,1.0,anterior_long_shank,827.0,2449.0,36.0,left,36.48548337966021,1.0,True
637,3254,181.0,9940.0,2.0,1816.0,760.0,2.0,0.0,7.0,10.0,30.0,1.0,105.0,55.0,1.0,anterior_long_shank,253.0,3042.0,85.0,left,38.29803045742197,2.0,False
81,8115,273.0,6190.0,2.0,1446.0,386.0,2.0,1.0,2.0,5.0,30.0,94.0,185.0,108.0,1.0,anterior_long_shank,623.0,3416.0,126.0,right,38.19900427704561,1.0,True
193,7854,126.0,7530.0,2.0,1458.0,1090.0,1.0,0.0,6.0,14.0,30.0,44.0,144.0,75.0,1.0,anterior_long_shank,611.0,2712.0,67.0,left,36.90337924764018,2.0,False
397,1303,232.0,7550.0,2.0,1961.0,246.0,2.0,0.0,2.0,3.0,30.0,44.0,143.0,75.0,1.0,anterior_long_shank,108.0,3556.0,109.0,right,38.29369434591011,1.0,True
191,17343,368.0,560.0,2.0,684.0,598.0,2.0,2.0,3.0,8.0,30.0,246.0,251.0,184.0,1.0,anterior_long_shank,1385.0,3204.0,173.0,right,38.64871825926807,1.0,True
401,1282,202.0,9380.0,2.0,1961.0,610.0,2.0,0.0,7.0,8.0,30.0,11.0,113.0,60.0,1.0,anterior_long_shank,108.0,3192.0,95.0,right,37.20396856158018,2.0,False
189,11630,312.0,1560.0,2.0,1142.0,456.0,1.0,1.0,5.0,6.0,30.0,232.0,246.0,174.0,1.0,anterior_long_shank,927.0,3346.0,167.0,right,38.60515657564447,1.0,True
405,6984,154.0,7910.0,2.0,1530.0,918.0,2.0,0.0,5.0,12.0,30.0,34.0,131.0,67.0,1.0,anterior_long_shank,539.0,2884.0,72.0,left,38.71174343593869,1.0,True
409,2179,227.0,6690.0,2.0,1888.0,318.0,1.0,0.0,2.0,4.0,30.0,70.0,173.0,95.0,1.0,anterior_long_shank,181.0,3484.0,120.0,right,37.86996017065446,1.0,True
185,4810,213.0,8580.0,2.0,1672.0,464.0,2.0,0.0,1.0,6.0,30.0,24.0,123.0,64.0,1.0,anterior_long_shank,397.0,3338.0,100.0,right,38.40285317953184,1.0,True
413,7891,274.0,3360.0,2.0,1446.0,456.0,1.0,1.0,1.0,6.0,30.0,176.0,223.0,144.0,1.0,anterior_long_shank,623.0,3346.0,147.0,right,38.263937503049554,1.0,True
417,3478,191.0,10180.0,2.0,1816.0,685.0,2.0,0.0,6.0,9.0,30.0,2.0,104.0,56.0,1.0,anterior_long_shank,253.0,3117.0,90.0,right,38.48583620116474,1.0,True
181,5935,255.0,4960.0,2.0,1591.0,23.0,1.0,1.0,5.0,0.0,30.0,138.0,207.0,129.0,1.0,anterior_long_shank,478.0,3779.0,137.0,right,37.76024618638506,1.0,True
421,8118,272.0,3520.0,2.0,1447.0,312.0,1.0,1.0,3.0,4.0,30.0,171.0,220.0,141.0,1.0,anterior_long_shank,622.0,3490.0,146.0,right,38.299991300274506,2.0,False
177,1294,223.0,7870.0,2.0,1959.0,393.0,2.0,0.0,4.0,5.0,30.0,37.0,134.0,68.0,1.0,anterior_long_shank,110.0,3409.0,105.0,right,38.299015800530775,1.0,True
197,4141,199.0,7890.0,2.0,1746.0,611.0,1.0,0.0,4.0,8.0,30.0,35.0,132.0,67.0,1.0,anterior_long_shank,323.0,3191.0,105.0,right,37.22755049743012,2.0,False
425,7234,266.0,6430.0,2.0,1521.0,383.0,2.0,1.0,1.0,5.0,30.0,82.0,179.0,102.0,1.0,anterior_long_shank,548.0,3419.0,123.0,right,38.172909253622464,1.0,True
173,10551,296.0,4920.0,2.0,1222.0,97.0,2.0,1.0,9.0,1.0,30.0,137.0,206.0,128.0,1.0,anterior_long_shank,847.0,3705.0,137.0,right,38.09141696257896,1.0,True
433,7869,165.0,10300.0,2.0,1457.0,838.0,1.0,0.0,3.0,11.0,30.0,0.0,99.0,53.0,1.0,anterior_long_shank,612.0,2964.0,87.0,left,31.526084998480208,1.0,True
435,15354,345.0,2100.0,2.0,841.0,744.0,2.0,2.0,1.0,10.0,30.0,219.0,241.0,165.0,1.0,anterior_long_shank,1228.0,3058.0,161.0,right,38.6813474573895,1.0,True
437,8122,271.0,6270.0,2.0,1446.0,242.0,2.0,1.0,4.0,3.0,30.0,91.0,184.0,106.0,1.0,anterior_long_shank,623.0,3560.0,125.0,right,38.32502590290447,2.0,False
441,1507,210.0,8740.0,2.0,1959.0,538.0,2.0,0.0,6.0,7.0,30.0,20.0,120.0,62.0,1.0,anterior_long_shank,110.0,3264.0,99.0,right,38.42446056305674,1.0,True
169,3261,200.0,9540.0,2.0,1818.0,611.0,2.0,0.0,5.0,8.0,30.0,7.0,110.0,57.0,1.0,anterior_long_shank,251.0,3191.0,94.0,right,38.34137581039938,2.0,False
449,1298,228.0,7710.0,2.0,1961.0,318.0,2.0,0.0,3.0,4.0,30.0,40.0,138.0,71.0,1.0,anterior_long_shank,108.0,3484.0,107.0,right,38.22263470445277,1.0,True
165,5043,253.0,6910.0,2.0,1664.0,239.0,2.0,1.0,1.0,3.0,30.0,61.0,166.0,90.0,1.0,anterior_long_shank,405.0,3563.0,117.0,right,38.399364356325655,1.0,True
453,6774,177.0,9620.0,2.0,1530.0,758.0,2.0,0.0,3.0,10.0,30.0,6.0,109.0,57.0,1.0,anterior_long_shank,539.0,3044.0,83.0,left,38.20003493337071,1.0,True
457,11626,313.0,3640.0,2.0,1139.0,528.0,2.0,1.0,4.0,7.0,30.0,169.0,219.0,140.0,1.0,anterior_long_shank,930.0,3274.0,145.0,right,38.47856936495852,1.0,True
161,5258,254.0,5120.0,2.0,1665.0,310.0,1.0,1.0,0.0,4.0,30.0,133.0,203.0,126.0,1.0,anterior_long_shank,404.0,3492.0,136.0,right,37.90995741463899,1.0,True
465,5690,212.0,7330.0,2.0,1601.0,465.0,1.0,0.0,0.0,6.0,30.0,50.0,151.0,80.0,1.0,anterior_long_shank,468.0,3337.0,112.0,right,38.47009635803144,1.0,True
469,4168,248.0,5600.0,2.0,1738.0,169.0,1.0,1.0,1.0,2.0,30.0,122.0,199.0,122.0,1.0,anterior_long_shank,331.0,3633.0,133.0,right,38.43685609171,1.0,True
429,5017,189.0,10340.0,2.0,1674.0,682.0,2.0,0.0,4.0,9.0,30.0,0.0,98.0,53.0,1.0,anterior_long_shank,395.0,3120.0,89.0,right,38.27938857227733,2.0,False
157,7010,267.0,4000.0,2.0,1520.0,456.0,1.0,1.0,0.0,6.0,30.0,160.0,215.0,137.0,1.0,anterior_long_shank,549.0,3346.0,143.0,right,38.21178854594733,1.0,True
389,10959,304.0,4280.0,2.0,1220.0,671.0,2.0,1.0,1.0,9.0,30.0,153.0,212.0,134.0,1.0,anterior_long_shank,849.0,3131.0,141.0,right,38.47901042646356,1.0,True
385,3046,208.0,8900.0,2.0,1816.0,537.0,2.0,0.0,4.0,7.0,30.0,17.0,118.0,61.0,1.0,anterior_long_shank,253.0,3265.0,98.0,right,38.776504263031896,1.0,True
229,7687,270.0,3680.0,2.0,1446.0,169.0,1.0,1.0,5.0,2.0,30.0,167.0,219.0,140.0,1.0,anterior_long_shank,623.0,3633.0,145.0,right,38.58225119519179,1.0,True
237,7695,268.0,3840.0,2.0,1447.0,26.0,1.0,1.0,7.0,0.0,30.0,164.0,217.0,138.0,1.0,anterior_long_shank,622.0,3776.0,144.0,right,38.52884955310692,1.0,True
239,15591,349.0,1940.0,2.0,842.0,457.0,2.0,2.0,1.0,6.0,30.0,224.0,243.0,168.0,1.0,anterior_long_shank,1227.0,3345.0,163.0,right,38.78920638314282,1.0,True
241,8774,281.0,5870.0,2.0,1374.0,384.0,2.0,1.0,3.0,5.0,30.0,111.0,193.0,116.0,1.0,anterior_long_shank,695.0,3418.0,130.0,right,38.16314066901676,1.0,True
245,5268,252.0,5280.0,2.0,1664.0,169.0,1.0,1.0,2.0,2.0,30.0,129.0,202.0,125.0,1.0,anterior_long_shank,405.0,3633.0,135.0,right,38.50751373755511,1.0,True
247,15378,351.0,1860.0,2.0,841.0,312.0,2.0,2.0,1.0,4.0,30.0,226.0,244.0,170.0,1.0,anterior_long_shank,1228.0,3490.0,164.0,right,38.31540072260784,1.0,True
249,9395,124.0,7450.0,2.0,1314.0,1088.0,1.0,0.0,4.0,14.0,30.0,46.0,147.0,77.0,1.0,anterior_long_shank,755.0,2714.0,66.0,left,36.80951197238207,2.0,False
251,12710,329.0,2740.0,2.0,1058.0,816.0,2.0,1.0,1.0,11.0,30.0,196.0,232.0,154.0,1.0,anterior_long_shank,1011.0,2986.0,153.0,right,38.5690587881835,1.0,True
253,10543,298.0,4760.0,2.0,1222.0,239.0,2.0,1.0,7.0,3.0,30.0,143.0,209.0,131.0,1.0,anterior_long_shank,847.0,3563.0,138.0,right,38.07045418686002,2.0,False
255,11859,310.0,1720.0,2.0,1140.0,312.0,1.0,1.0,7.0,4.0,30.0,232.0,247.0,175.0,1.0,anterior_long_shank,929.0,3490.0,166.0,right,38.71023274259204,1.0,True
225,4384,249.0,7070.0,2.0,1738.0,239.0,2.0,1.0,0.0,3.0,30.0,57.0,161.0,86.0,1.0,anterior_long_shank,331.0,3563.0,115.0,right,38.25172647775359,1.0,True
261,1278,193.0,10020.0,2.0,1959.0,682.0,2.0,0.0,8.0,9.0,30.0,0.0,104.0,55.0,1.0,anterior_long_shank,110.0,3120.0,91.0,right,38.243059055704734,1.0,True
265,3291,244.0,7230.0,2.0,1812.0,97.0,2.0,1.0,1.0,1.0,30.0,53.0,155.0,82.0,1.0,anterior_long_shank,257.0,3705.0,113.0,right,38.55290544606834,1.0,True
201,5889,167.0,10460.0,2.0,1602.0,838.0,1.0,0.0,5.0,11.0,30.0,0.0,97.0,52.0,1.0,anterior_long_shank,467.0,2964.0,88.0,left,31.147839354701844,4.0,False
221,7255,261.0,4480.0,2.0,1518.0,24.0,1.0,1.0,6.0,0.0,30.0,148.0,210.0,132.0,1.0,anterior_long_shank,551.0,3778.0,140.0,right,36.85675694523654,1.0,True
217,8534,175.0,9460.0,2.0,1387.0,758.0,2.0,0.0,1.0,10.0,30.0,9.0,111.0,58.0,1.0,anterior_long_shank,682.0,3044.0,82.0,left,38.45482344090547,1.0,True
281,7005,204.0,9220.0,2.0,1530.0,538.0,2.0,0.0,0.0,7.0,30.0,13.0,114.0,59.0,1.0,anterior_long_shank,539.0,3264.0,96.0,right,38.02580118298715,1.0,True
213,6807,263.0,4320.0,2.0,1520.0,169.0,1.0,1.0,4.0,2.0,30.0,152.0,212.0,134.0,1.0,anterior_long_shank,549.0,3633.0,141.0,right,38.50228275409698,1.0,True
297,4370,214.0,7250.0,2.0,1745.0,464.0,1.0,0.0,2.0,6.0,30.0,54.0,156.0,83.0,1.0,anterior_long_shank,324.0,3338.0,113.0,right,38.490361357694624,1.0,True
301,3239,145.0,7590.0,2.0,1814.0,1002.0,2.0,0.0,10.0,13.0,30.0,43.0,142.0,74.0,1.0,anterior_long_shank,255.0,2800.0,68.0,left,37.916423562035895,3.0,False
305,5055,250.0,5440.0,2.0,1665.0,23.0,1.0,1.0,4.0,0.0,30.0,125.0,200.0,123.0,1.0,anterior_long_shank,404.0,3779.0,134.0,right,38.46423548655461,1.0,True
309,2594,182.0,9260.0,2.0,1888.0,760.0,1.0,0.0,8.0,10.0,30.0,12.0,113.0,59.0,1.0,anterior_long_shank,181.0,3042.0,96.0,right,37.24693826844989,2.0,False
317,5254,219.0,8100.0,2.0,1672.0,391.0,2.0,0.0,0.0,5.0,30.0,30.0,128.0,65.0,1.0,anterior_long_shank,397.0,3411.0,103.0,right,38.54126240983364,1.0,True
209,9002,279.0,5950.0,2.0,1374.0,239.0,2.0,1.0,5.0,3.0,30.0,108.0,193.0,115.0,1.0,anterior_long_shank,695.0,3563.0,129.0,right,38.22511136364242,2.0,False
337,5932,256.0,6830.0,2.0,1592.0,96.0,2.0,1.0,4.0,1.0,30.0,63.0,169.0,92.0,1.0,anterior_long_shank,477.0,3706.0,118.0,right,38.16126786135012,1.0,True
345,9667,287.0,2680.0,2.0,1298.0,169.0,1.0,1.0,7.0,2.0,30.0,197.0,231.0,154.0,1.0,anterior_long_shank,771.0,3633.0,154.0,right,38.44674712328192,1.0,True
353,5905,205.0,7650.0,2.0,1602.0,537.0,1.0,0.0,1.0,7.0,30.0,41.0,140.0,72.0,1.0,anterior_long_shank,467.0,3265.0,108.0,right,38.39756764509993,1.0,True
205,6811,262.0,6590.0,2.0,1520.0,96.0,2.0,1.0,5.0,1.0,30.0,75.0,176.0,98.0,1.0,anterior_long_shank,549.0,3706.0,121.0,right,38.38379600448137,2.0,False
273,3502,230.0,7630.0,2.0,1816.0,246.0,2.0,0.0,0.0,3.0,30.0,42.0,141.0,73.0,1.0,anterior_long_shank,253.0,3556.0,108.0,right,38.31193837184656,1.0,True
473,4374,220.0,7010.0,2.0,1746.0,393.0,1.0,0.0,1.0,5.0,30.0,59.0,163.0,87.0,1.0,anterior_long_shank,323.0,3409.0,116.0,right,38.15701284548098,1.0,True
477,2631,242.0,7310.0,2.0,1884.0,94.0,2.0,1.0,0.0,1.0,30.0,50.0,152.0,80.0,1.0,anterior_long_shank,185.0,3708.0,112.0,right,38.41132065588916,1.0,True
153,5902,197.0,7970.0,2.0,1600.0,610.0,1.0,0.0,2.0,8.0,30.0,33.0,131.0,67.0,1.0,anterior_long_shank,469.0,3192.0,104.0,right,38.014162697035374,2.0,False
589,2149,171.0,10220.0,2.0,1888.0,836.0,1.0,0.0,9.0,11.0,30.0,0.0,101.0,54.0,1.0,anterior_long_shank,181.0,2966.0,90.0,right,38.202734313852126,1.0,True
113,8107,275.0,6110.0,2.0,1446.0,528.0,2.0,1.0,0.0,7.0,30.0,98.0,187.0,110.0,1.0,anterior_long_shank,623.0,3274.0,127.0,right,38.573308672128455,1.0,True
109,9011,277.0,6030.0,2.0,1376.0,96.0,2.0,1.0,7.0,1.0,30.0,102.0,189.0,112.0,1.0,anterior_long_shank,693.0,3706.0,128.0,right,37.25349680807405,1.0,True
601,9414,174.0,9900.0,2.0,1315.0,760.0,1.0,0.0,0.0,10.0,30.0,1.0,105.0,56.0,1.0,anterior_long_shank,754.0,3042.0,92.0,right,37.97093723704872,1.0,True
605,7881,195.0,8140.0,2.0,1458.0,610.0,1.0,0.0,0.0,8.0,30.0,29.0,127.0,65.0,1.0,anterior_long_shank,611.0,3192.0,103.0,right,38.42667359864828,1.0,True
105,9658,289.0,2600.0,2.0,1299.0,312.0,1.0,1.0,5.0,4.0,30.0,200.0,233.0,155.0,1.0,anterior_long_shank,770.0,3490.0,155.0,right,33.56509751046406,1.0,True
609,4365,207.0,7570.0,2.0,1746.0,537.0,1.0,0.0,3.0,7.0,30.0,45.0,144.0,76.0,1.0,anterior_long_shank,323.0,3265.0,109.0,right,38.32325755915249,1.0,True
103,7657,186.0,8940.0,2.0,1461.0,682.0,1.0,0.0,1.0,9.0,30.0,17.0,117.0,61.0,1.0,anterior_long_shank,608.0,3120.0,98.0,right,38.001024005278,2.0,False
613,8519,139.0,7350.0,2.0,1387.0,1002.0,2.0,0.0,4.0,13.0,30.0,51.0,152.0,81.0,1.0,anterior_long_shank,682.0,2800.0,65.0,left,38.1560032947417,3.0,False
101,10103,288.0,5560.0,2.0,1298.0,239.0,2.0,1.0,6.0,3.0,30.0,125.0,201.0,124.0,1.0,anterior_long_shank,771.0,3563.0,133.0,right,38.30607828516374,2.0,False
617,6970,112.0,6310.0,2.0,1530.0,1175.0,2.0,0.0,7.0,15.0,30.0,88.0,182.0,105.0,1.0,anterior_long_shank,539.0,2627.0,52.0,left,38.261922853424224,1.0,True
619,11623,314.0,1400.0,2.0,1142.0,598.0,1.0,1.0,3.0,8.0,30.0,234.0,247.0,176.0,1.0,anterior_long_shank,927.0,3204.0,168.0,right,38.815297697148985,1.0,True
621,12019,76.0,4200.0,2.0,1098.0,1352.0,2.0,0.0,1.0,17.0,30.0,155.0,213.0,135.0,1.0,anterior_long_shank,971.0,2450.0,35.0,left,37.35469001657414,2.0,False
585,2359,146.0,8700.0,2.0,1888.0,1002.0,1.0,0.0,11.0,13.0,30.0,21.0,120.0,62.0,1.0,anterior_long_shank,181.0,2800.0,77.0,left,38.07165826329981,1.0,True
625,6099,142.0,8380.0,2.0,1602.0,1000.0,1.0,0.0,7.0,13.0,30.0,27.0,126.0,65.0,1.0,anterior_long_shank,467.0,2802.0,75.0,left,37.88990464441416,2.0,False
629,8529,164.0,8660.0,2.0,1387.0,836.0,2.0,0.0,2.0,11.0,30.0,21.0,121.0,62.0,1.0,anterior_long_shank,682.0,2966.0,77.0,left,37.81363264219195,3.0,False
97,6367,257.0,4800.0,2.0,1592.0,169.0,1.0,1.0,3.0,2.0,30.0,141.0,207.0,129.0,1.0,anterior_long_shank,477.0,3633.0,138.0,right,38.22310660220882,1.0,True
633,10289,162.0,8500.0,2.0,1242.0,839.0,2.0,0.0,0.0,11.0,30.0,24.0,123.0,63.0,1.0,anterior_long_shank,827.0,2963.0,76.0,left,38.38246188825076,1.0,True
95,16698,362.0,1040.0,2.0,761.0,312.0,2.0,2.0,2.0,4.0,30.0,239.0,249.0,179.0,1.0,anterior_long_shank,1308.0,3490.0,170.0,right,36.75566558258786,2.0,False
91,16487,364.0,880.0,2.0,762.0,167.0,2.0,2.0,2.0,2.0,30.0,241.0,250.0,181.0,1.0,anterior_long_shank,1307.0,3635.0,171.0,right,38.576640902516864,1.0,True
641,3430,56.0,2940.0,2.0,1816.0,1527.0,2.0,0.0,11.0,19.0,30.0,188.0,228.0,150.0,1.0,anterior_long_shank,253.0,2275.0,26.0,left,38.40788234594317,1.0,True
89,7020,265.0,4160.0,2.0,1520.0,310.0,1.0,1.0,2.0,4.0,30.0,158.0,215.0,137.0,1.0,anterior_long_shank,549.0,3492.0,142.0,right,38.34899098268188,1.0,True
649,6768,166.0,8820.0,2.0,1531.0,839.0,2.0,0.0,4.0,11.0,30.0,19.0,119.0,61.0,1.0,anterior_long_shank,538.0,2963.0,78.0,left,38.29532525062239,1.0,True
653,9375,64.0,4080.0,2.0,1315.0,1440.0,1.0,0.0,4.0,18.0,30.0,158.0,214.0,136.0,1.0,anterior_long_shank,754.0,2362.0,34.0,left,37.81721376576353,1.0,True
85,6803,264.0,6510.0,2.0,1520.0,239.0,2.0,1.0,3.0,3.0,30.0,78.0,178.0,100.0,1.0,anterior_long_shank,549.0,3563.0,122.0,right,33.641344013295324,1.0,True
657,10269,108.0,6150.0,2.0,1242.0,1175.0,2.0,0.0,3.0,15.0,30.0,98.0,188.0,110.0,1.0,anterior_long_shank,827.0,2627.0,50.0,left,37.92804993003104,2.0,False
661,6117,188.0,8780.0,2.0,1602.0,682.0,1.0,0.0,3.0,9.0,30.0,21.0,121.0,63.0,1.0,anterior_long_shank,467.0,3120.0,99.0,right,38.304312670293065,1.0,True
665,6079,83.0,5690.0,2.0,1601.0,1353.0,1.0,0.0,8.0,17.0,30.0,119.0,198.0,121.0,1.0,anterior_long_shank,468.0,2449.0,44.0,left,36.943515132032175,2.0,False
627,14475,333.0,2580.0,2.0,925.0,744.0,2.0,2.0,0.0,10.0,30.0,201.0,233.0,156.0,1.0,anterior_long_shank,1144.0,3058.0,155.0,right,38.63986224337126,1.0,True
581,622,203.0,7730.0,2.0,2034.0,611.0,1.0,0.0,8.0,8.0,30.0,39.0,137.0,70.0,1.0,anterior_long_shank,35.0,3191.0,107.0,right,37.87210870831567,1.0,True
117,6777,187.0,10420.0,2.0,1531.0,685.0,2.0,0.0,2.0,9.0,30.0,0.0,98.0,52.0,1.0,anterior_long_shank,538.0,3117.0,88.0,left,37.934508109452594,2.0,False
577,5021,198.0,9700.0,2.0,1674.0,612.0,2.0,0.0,3.0,8.0,30.0,6.0,109.0,58.0,1.0,anterior_long_shank,395.0,3190.0,93.0,right,38.505120689916986,1.0,True
489,5052,251.0,6990.0,2.0,1665.0,97.0,2.0,1.0,3.0,1.0,30.0,59.0,164.0,88.0,1.0,anterior_long_shank,404.0,3705.0,116.0,right,38.24803031922225,1.0,True
497,3498,226.0,7790.0,2.0,1818.0,318.0,2.0,0.0,1.0,4.0,30.0,38.0,135.0,69.0,1.0,anterior_long_shank,251.0,3484.0,106.0,right,38.09637954655493,1.0,True
149,8763,284.0,2840.0,2.0,1374.0,600.0,1.0,1.0,0.0,8.0,30.0,192.0,230.0,152.0,1.0,anterior_long_shank,695.0,3202.0,152.0,right,38.16345952024201,2.0,False
513,3495,221.0,7950.0,2.0,1816.0,393.0,2.0,0.0,2.0,5.0,30.0,32.0,130.0,66.0,1.0,anterior_long_shank,253.0,3409.0,104.0,right,37.99950220189111,3.0,False
517,5875,128.0,7610.0,2.0,1602.0,1088.0,1.0,0.0,8.0,14.0,30.0,42.0,142.0,73.0,1.0,anterior_long_shank,467.0,2714.0,68.0,left,38.412298058052286,1.0,True
1017,8494,65.0,3400.0,2.0,1387.0,1438.0,2.0,0.0,5.0,18.0,30.0,174.0,222.0,143.0,1.0,anterior_long_shank,682.0,2364.0,30.0,left,37.41049199812964,1.0,True
521,10095,290.0,5400.0,2.0,1298.0,384.0,2.0,1.0,4.0,5.0,30.0,127.0,201.0,124.0,1.0,anterior_long_shank,771.0,3418.0,134.0,right,38.45914634967807,2.0,False
145,5234,179.0,9780.0,2.0,1672.0,758.0,2.0,0.0,5.0,10.0,30.0,7.0,110.0,59.0,1.0,anterior_long_shank,397.0,3044.0,84.0,left,38.28691864243296,2.0,False
525,11155,122.0,7370.0,2.0,1170.0,1090.0,1.0,0.0,2.0,14.0,30.0,49.0,150.0,79.0,1.0,anterior_long_shank,899.0,2712.0,65.0,left,36.73026399882047,1.0,True
529,10746,302.0,4440.0,2.0,1222.0,527.0,2.0,1.0,3.0,7.0,30.0,149.0,211.0,133.0,1.0,anterior_long_shank,847.0,3275.0,140.0,right,38.50537724404713,1.0,True
141,8766,283.0,5790.0,2.0,1374.0,528.0,2.0,1.0,1.0,7.0,30.0,114.0,195.0,118.0,1.0,anterior_long_shank,695.0,3274.0,131.0,right,30.708935234597035,1.0,True
533,9619,138.0,8060.0,2.0,1314.0,1002.0,1.0,0.0,3.0,13.0,30.0,31.0,129.0,66.0,1.0,anterior_long_shank,755.0,2800.0,73.0,left,37.089150489235706,1.0,True
137,6359,259.0,4640.0,2.0,1592.0,312.0,1.0,1.0,1.0,4.0,30.0,145.0,209.0,131.0,1.0,anterior_long_shank,477.0,3490.0,139.0,right,38.419410815180846,1.0,True
537,3270,215.0,8420.0,2.0,1818.0,466.0,2.0,0.0,3.0,6.0,30.0,25.0,124.0,64.0,1.0,anterior_long_shank,251.0,3336.0,101.0,right,38.14176098469776,1.0,True
541,2390,216.0,7170.0,2.0,1889.0,466.0,1.0,0.0,4.0,6.0,30.0,55.0,157.0,84.0,1.0,anterior_long_shank,180.0,3336.0,114.0,right,38.5108120454079,1.0,True
133,4171,247.0,7150.0,2.0,1740.0,96.0,2.0,1.0,2.0,1.0,30.0,56.0,159.0,86.0,1.0,anterior_long_shank,329.0,3706.0,114.0,right,37.9048709279371,1.0,True
545,2585,159.0,9820.0,2.0,1888.0,918.0,1.0,0.0,10.0,12.0,30.0,3.0,106.0,56.0,1.0,anterior_long_shank,181.0,2884.0,84.0,left,37.78867919332383,1.0,True
549,9866,292.0,5240.0,2.0,1298.0,528.0,2.0,1.0,2.0,7.0,30.0,130.0,202.0,125.0,1.0,anterior_long_shank,771.0,3274.0,135.0,right,38.58324801758124,1.0,True
129,10754,300.0,4600.0,2.0,1220.0,386.0,2.0,1.0,5.0,5.0,30.0,146.0,209.0,131.0,1.0,anterior_long_shank,849.0,3416.0,139.0,right,31.95682257731737,2.0,False
557,2377,192.0,8460.0,2.0,1891.0,684.0,1.0,0.0,7.0,9.0,30.0,24.0,124.0,63.0,1.0,anterior_long_shank,178.0,3118.0,101.0,right,36.694526275675805,2.0,False
125,6980,141.0,7430.0,2.0,1531.0,1000.0,2.0,0.0,6.0,13.0,30.0,47.0,148.0,77.0,1.0,anterior_long_shank,538.0,2802.0,66.0,left,37.05975694968888,2.0,False
561,8978,185.0,10260.0,2.0,1386.0,683.0,2.0,0.0,0.0,9.0,30.0,0.0,100.0,53.0,1.0,anterior_long_shank,683.0,3119.0,87.0,left,37.44262459723241,1.0,True
123,11635,311.0,3800.0,2.0,1142.0,384.0,2.0,1.0,6.0,5.0,30.0,165.0,218.0,139.0,1.0,anterior_long_shank,927.0,3418.0,144.0,right,38.40825871939764,1.0,True
565,9643,293.0,2440.0,2.0,1300.0,600.0,1.0,1.0,1.0,8.0,30.0,207.0,236.0,158.0,1.0,anterior_long_shank,769.0,3202.0,157.0,right,38.30356574944116,1.0,True
121,10539,299.0,2200.0,2.0,1222.0,312.0,1.0,1.0,6.0,4.0,30.0,216.0,240.0,163.0,1.0,anterior_long_shank,847.0,3490.0,160.0,right,38.45169213016309,1.0,True
569,6090,113.0,6970.0,2.0,1604.0,1177.0,1.0,0.0,8.0,15.0,30.0,60.0,164.0,89.0,1.0,anterior_long_shank,465.0,2625.0,60.0,left,38.50290980212134,1.0,True
119,17367,374.0,80.0,2.0,682.0,169.0,2.0,2.0,3.0,2.0,30.0,248.0,252.0,192.0,1.0,anterior_long_shank,1387.0,3633.0,176.0,right,38.07753225543567,1.0,True
573,6782,196.0,9860.0,2.0,1530.0,610.0,2.0,0.0,1.0,8.0,30.0,2.0,106.0,56.0,1.0,anterior_long_shank,539.0,3192.0,92.0,right,37.77887987776219,3.0,False
575,14490,337.0,2420.0,2.0,923.0,456.0,2.0,2.0,0.0,6.0,30.0,209.0,237.0,160.0,1.0,anterior_long_shank,1146.0,3346.0,157.0,right,38.19418584551468,1.0,True
669,4774,129.0,6950.0,2.0,1674.0,1088.0,2.0,0.0,9.0,14.0,30.0,62.0,166.0,90.0,1.0,anterior_long_shank,395.0,2714.0,60.0,left,38.417384563687605,1.0,True
1021,6085,98.0,6330.0,2.0,1602.0,1265.0,1.0,0.0,8.0,16.0,30.0,87.0,182.0,104.0,1.0,anterior_long_shank,467.0,2537.0,52.0,left,38.52636923264176,1.0,True
